<?xml version="1.0" encoding="UTF-8"?>
<GenRun Id="impl_1" LaunchPart="xc7a35tcpg236-1" LaunchTime="1490141625">
  <File Type="PWROPT-DRC" Name="theseus_top_drc_pwropted.rpt"/>
  <File Type="OPT-METHODOLOGY-DRC" Name="theseus_top_methodology_drc_opted.rpt"/>
  <File Type="INIT-TIMING" Name="theseus_top_timing_summary_init.rpt"/>
  <File Type="ROUTE-PWR-RPX" Name="theseus_top_power_routed.rpx"/>
  <File Type="PA-TCL" Name="theseus_top.tcl"/>
  <File Type="OPT-HWDEF" Name="theseus_top.hwdef"/>
  <File Type="RDI-RDI" Name="theseus_top.vdi"/>
  <File Type="OPT-DCP" Name="theseus_top_opt.dcp"/>
  <File Type="OPT-DRC" Name="theseus_top_drc_opted.rpt"/>
  <File Type="OPT-TIMING" Name="theseus_top_timing_summary_opted.rpt"/>
  <File Type="PWROPT-DCP" Name="theseus_top_pwropt.dcp"/>
  <File Type="PWROPT-TIMING" Name="theseus_top_timing_summary_pwropted.rpt"/>
  <File Type="PLACE-DCP" Name="theseus_top_placed.dcp"/>
  <File Type="PLACE-IO" Name="theseus_top_io_placed.rpt"/>
  <File Type="PLACE-CLK" Name="theseus_top_clock_utilization_placed.rpt"/>
  <File Type="PLACE-UTIL" Name="theseus_top_utilization_placed.rpt"/>
  <File Type="PLACE-UTIL-PB" Name="theseus_top_utilization_placed.pb"/>
  <File Type="PLACE-CTRL" Name="theseus_top_control_sets_placed.rpt"/>
  <File Type="PLACE-SIMILARITY" Name="theseus_top_incremental_reuse_placed.rpt"/>
  <File Type="PLACE-PRE-SIMILARITY" Name="theseus_top_incremental_reuse_pre_placed.rpt"/>
  <File Type="PLACE-TIMING" Name="theseus_top_timing_summary_placed.rpt"/>
  <File Type="POSTPLACE-PWROPT-DCP" Name="theseus_top_postplace_pwropt.dcp"/>
  <File Type="POSTPLACE-PWROPT-TIMING" Name="theseus_top_timing_summary_postplace_pwropted.rpt"/>
  <File Type="PHYSOPT-DCP" Name="theseus_top_physopt.dcp"/>
  <File Type="PHYSOPT-DRC" Name="theseus_top_drc_physopted.rpt"/>
  <File Type="PHYSOPT-TIMING" Name="theseus_top_timing_summary_physopted.rpt"/>
  <File Type="ROUTE-ERROR-DCP" Name="theseus_top_routed_error.dcp"/>
  <File Type="ROUTE-DCP" Name="theseus_top_routed.dcp"/>
  <File Type="ROUTE-BLACKBOX-DCP" Name="theseus_top_routed_bb.dcp"/>
  <File Type="ROUTE-DRC" Name="theseus_top_drc_routed.rpt"/>
  <File Type="ROUTE-DRC-PB" Name="theseus_top_drc_routed.pb"/>
  <File Type="BG-BIN" Name="theseus_top.bin"/>
  <File Type="ROUTE-DRC-RPX" Name="theseus_top_drc_routed.rpx"/>
  <File Type="BG-DRC" Name="theseus_top.drc"/>
  <File Type="ROUTE-METHODOLOGY-DRC" Name="theseus_top_methodology_drc_routed.rpt"/>
  <File Type="BITSTR-MSK" Name="theseus_top.msk"/>
  <File Type="ROUTE-METHODOLOGY-DRC-RPX" Name="theseus_top_methodology_drc_routed.rpx"/>
  <File Type="BG-BGN" Name="theseus_top.bgn"/>
  <File Type="ROUTE-METHODOLOGY-DRC-PB" Name="theseus_top_methodology_drc_routed.pb"/>
  <File Type="ROUTE-PWR" Name="theseus_top_power_routed.rpt"/>
  <File Type="ROUTE-PWR-SUM" Name="theseus_top_power_summary_routed.pb"/>
  <File Type="ROUTE-STATUS" Name="theseus_top_route_status.rpt"/>
  <File Type="ROUTE-STATUS-PB" Name="theseus_top_route_status.pb"/>
  <File Type="ROUTE-TIMINGSUMMARY" Name="theseus_top_timing_summary_routed.rpt"/>
  <File Type="ROUTE-TIMING-PB" Name="theseus_top_timing_summary_routed.pb"/>
  <File Type="ROUTE-TIMING-RPX" Name="theseus_top_timing_summary_routed.rpx"/>
  <File Type="ROUTE-SIMILARITY" Name="theseus_top_incremental_reuse_routed.rpt"/>
  <File Type="ROUTE-CLK" Name="theseus_top_clock_utilization_routed.rpt"/>
  <File Type="POSTROUTE-PHYSOPT-DCP" Name="theseus_top_postroute_physopt.dcp"/>
  <File Type="POSTROUTE-PHYSOPT-BLACKBOX-DCP" Name="theseus_top_postroute_physopt_bb.dcp"/>
  <File Type="POSTROUTE-PHYSOPT-TIMING" Name="theseus_top_timing_summary_postroute_physopted.rpt"/>
  <File Type="POSTROUTE-PHYSOPT-TIMING-PB" Name="theseus_top_timing_summary_postroute_physopted.pb"/>
  <File Type="POSTROUTE-PHYSOPT-TIMING-RPX" Name="theseus_top_timing_summary_postroute_physopted.rpx"/>
  <File Type="BG-BIT" Name="theseus_top.bit"/>
  <File Type="BITSTR-RBT" Name="theseus_top.rbt"/>
  <File Type="BITSTR-NKY" Name="theseus_top.nky"/>
  <File Type="BITSTR-BMM" Name="theseus_top_bd.bmm"/>
  <File Type="BITSTR-MMI" Name="theseus_top.mmi"/>
  <File Type="BITSTR-SYSDEF" Name="theseus_top.sysdef"/>
  <File Type="WBT-USG" Name="usage_statistics_webtalk.html"/>
  <FileSet Name="sources" Type="DesignSrcs" RelSrcDir="$PSRCDIR/sources_1">
    <Filter Type="Srcs"/>
    <File Path="$PSRCDIR/sources_1/imports/new/MY_CHAR_DRIVER.vhd">
      <FileInfo>
        <Attr Name="ImportPath" Val="$PPRDIR/vgademo4_all.srcs/sources_1/new/MY_CHAR_DRIVER.vhd"/>
        <Attr Name="ImportTime" Val="1489975652"/>
        <Attr Name="UsedIn" Val="synthesis"/>
        <Attr Name="UsedIn" Val="simulation"/>
      </FileInfo>
    </File>
    <File Path="$PSRCDIR/sources_1/imports/new/character_slide.vhd">
      <FileInfo>
        <Attr Name="ImportPath" Val="$PPRDIR/vgademo4_all.srcs/sources_1/new/character_slide.vhd"/>
        <Attr Name="ImportTime" Val="1489975621"/>
        <Attr Name="UsedIn" Val="synthesis"/>
        <Attr Name="UsedIn" Val="simulation"/>
      </FileInfo>
    </File>
    <File Path="$PSRCDIR/sources_1/imports/new/vga_controller_640_60.vhd">
      <FileInfo>
        <Attr Name="ImportPath" Val="$PPRDIR/vgademo4_all.srcs/sources_1/new/vga_controller_640_60.vhd"/>
        <Attr Name="ImportTime" Val="1489975411"/>
        <Attr Name="UsedIn" Val="synthesis"/>
        <Attr Name="UsedIn" Val="simulation"/>
      </FileInfo>
    </File>
    <File Path="$PSRCDIR/sources_1/imports/new/title_block.vhd">
      <FileInfo>
        <Attr Name="ImportPath" Val="$PPRDIR/vgademo4_all.srcs/sources_1/new/title_block.vhd"/>
        <Attr Name="ImportTime" Val="1489975463"/>
        <Attr Name="UsedIn" Val="synthesis"/>
        <Attr Name="UsedIn" Val="simulation"/>
      </FileInfo>
    </File>
    <File Path="$PSRCDIR/sources_1/imports/new/static_background.vhd">
      <FileInfo>
        <Attr Name="ImportPath" Val="$PPRDIR/vgademo4_all.srcs/sources_1/new/static_background.vhd"/>
        <Attr Name="ImportTime" Val="1489975432"/>
        <Attr Name="UsedIn" Val="synthesis"/>
        <Attr Name="UsedIn" Val="simulation"/>
      </FileInfo>
    </File>
    <File Path="$PSRCDIR/sources_1/imports/new/merge_display.vhd">
      <FileInfo>
        <Attr Name="ImportPath" Val="$PPRDIR/vgademo4_all.srcs/sources_1/new/merge_display.vhd"/>
        <Attr Name="ImportTime" Val="1489975497"/>
        <Attr Name="UsedIn" Val="synthesis"/>
        <Attr Name="UsedIn" Val="simulation"/>
      </FileInfo>
    </File>
    <File Path="$PSRCDIR/sources_1/imports/new/Draw_theseus.vhd">
      <FileInfo>
        <Attr Name="ImportPath" Val="$PPRDIR/vgademo4_all.srcs/sources_1/new/Draw_theseus.vhd"/>
        <Attr Name="ImportTime" Val="1489975455"/>
        <Attr Name="UsedIn" Val="synthesis"/>
        <Attr Name="UsedIn" Val="simulation"/>
      </FileInfo>
    </File>
    <File Path="$PSRCDIR/sources_1/imports/new/Draw_minotaur.vhd">
      <FileInfo>
        <Attr Name="ImportPath" Val="$PPRDIR/vgademo4_all.srcs/sources_1/new/Draw_minotaur.vhd"/>
        <Attr Name="ImportTime" Val="1489975444"/>
        <Attr Name="UsedIn" Val="synthesis"/>
        <Attr Name="UsedIn" Val="simulation"/>
      </FileInfo>
    </File>
    <File Path="$PSRCDIR/sources_1/imports/new/debounce.vhd">
      <FileInfo>
        <Attr Name="ImportPath" Val="$PPRDIR/vgademo4_all.srcs/sources_1/new/debounce.vhd"/>
        <Attr Name="ImportTime" Val="1489975564"/>
        <Attr Name="UsedIn" Val="synthesis"/>
        <Attr Name="UsedIn" Val="simulation"/>
      </FileInfo>
    </File>
    <File Path="$PSRCDIR/sources_1/imports/new/clk_div_25k.vhd">
      <FileInfo>
        <Attr Name="ImportPath" Val="$PPRDIR/vgademo4_all.srcs/sources_1/new/clk_div_25k.vhd"/>
        <Attr Name="ImportTime" Val="1489975583"/>
        <Attr Name="UsedIn" Val="synthesis"/>
        <Attr Name="UsedIn" Val="simulation"/>
      </FileInfo>
    </File>
    <File Path="$PSRCDIR/sources_1/imports/new/game_logic.vhd">
      <FileInfo>
        <Attr Name="ImportPath" Val="$PPRDIR/vgademo4_all.srcs/sources_1/new/game_logic.vhd"/>
        <Attr Name="ImportTime" Val="1489975605"/>
        <Attr Name="UsedIn" Val="synthesis"/>
        <Attr Name="UsedIn" Val="simulation"/>
      </FileInfo>
    </File>
    <File Path="$PSRCDIR/sources_1/imports/new/theseus_top.vhd">
      <FileInfo>
        <Attr Name="ImportPath" Val="$PPRDIR/vgademo4_all.srcs/sources_1/imports/new/theseus_top.vhd"/>
        <Attr Name="ImportTime" Val="1489979821"/>
        <Attr Name="UsedIn" Val="synthesis"/>
        <Attr Name="UsedIn" Val="simulation"/>
      </FileInfo>
    </File>
    <File Path="$PSRCDIR/sources_1/ip/typeface.coe">
      <FileInfo>
        <Attr Name="ImportPath" Val="$PPRDIR/vgademo4_all.srcs/sources_1/ip/typeface.coe"/>
        <Attr Name="ImportTime" Val="1488671047"/>
        <Attr Name="UsedIn" Val="synthesis"/>
        <Attr Name="UsedIn" Val="simulation"/>
      </FileInfo>
    </File>
    <File Path="$PSRCDIR/sources_1/ip/map.coe">
      <FileInfo>
        <Attr Name="ImportPath" Val="$PPRDIR/vgademo4_all.srcs/sources_1/ip/map.coe"/>
        <Attr Name="ImportTime" Val="1489723432"/>
        <Attr Name="UsedIn" Val="synthesis"/>
        <Attr Name="UsedIn" Val="simulation"/>
      </FileInfo>
    </File>
    <Config>
      <Option Name="DesignMode" Val="RTL"/>
      <Option Name="TopModule" Val="theseus_top"/>
      <Option Name="TopAutoSet" Val="TRUE"/>
    </Config>
  </FileSet>
  <FileSet Name="constrs_in" Type="Constrs" RelSrcDir="$PSRCDIR/constrs_1">
    <Filter Type="Constrs"/>
    <File Path="$PSRCDIR/constrs_1/new/vgatop_pins.xdc">
      <FileInfo>
        <Attr Name="ImportPath" Val="$PPRDIR/vgademo4_all.srcs/constrs_1/new/vgatop_pins.xdc"/>
        <Attr Name="ImportTime" Val="1489969817"/>
        <Attr Name="UsedIn" Val="synthesis"/>
        <Attr Name="UsedIn" Val="implementation"/>
      </FileInfo>
    </File>
    <Config>
      <Option Name="ConstrsType" Val="XDC"/>
    </Config>
  </FileSet>
  <Strategy Version="1" Minor="2">
    <StratHandle Name="Vivado Implementation Defaults" Flow="Vivado Implementation 2015"/>
    <Step Id="init_design"/>
    <Step Id="opt_design"/>
    <Step Id="power_opt_design"/>
    <Step Id="place_design"/>
    <Step Id="post_place_power_opt_design"/>
    <Step Id="phys_opt_design"/>
    <Step Id="route_design"/>
    <Step Id="post_route_phys_opt_design"/>
    <Step Id="write_bitstream"/>
  </Strategy>
  <BlockFileSet Type="BlockSrcs" Name="clk_wiz_0"/>
  <BlockFileSet Type="BlockSrcs" Name="map_walls"/>
  <BlockFileSet Type="BlockSrcs" Name="rom_chars"/>
</GenRun>
