<?xml version="1.0"?>
<Runs Version="1" Minor="0">
	<Run Id="rom_chars_synth_1" LaunchDir="C:/Users/Luke/Documents/EGR426/Project02_all_together/theseus.runs/rom_chars_synth_1" FlowId="Vivado_Synthesis" FromStepId="vivado" ToStepId="vivado"/>
	<Run Id="map_walls_synth_1" LaunchDir="C:/Users/Luke/Documents/EGR426/Project02_all_together/theseus.runs/map_walls_synth_1" FlowId="Vivado_Synthesis" FromStepId="vivado" ToStepId="vivado"/>
	<Run Id="synth_1" LaunchDir="C:/Users/Luke/Documents/EGR426/Project02_all_together/theseus.runs/synth_1" FlowId="Vivado_Synthesis" FromStepId="vivado" ToStepId="vivado">
		<Parent Id="rom_chars_synth_1"/>
		<Parent Id="map_walls_synth_1"/>
	</Run>
	<Run Id="impl_1" LaunchDir="C:/Users/Luke/Documents/EGR426/Project02_all_together/theseus.runs/impl_1" FlowId="Vivado_Implementation" FromStepId="init_design" ToStepId="write_bitstream">
		<Parent Id="synth_1"/>
		<Parent Id="rom_chars_synth_1"/>
		<Parent Id="map_walls_synth_1"/>
	</Run>
</Runs>

