<?xml version="1.0" encoding="UTF-8"?>
<GenRun Id="synth_1" LaunchPart="xc7a35tcpg236-1" LaunchTime="1490141625">
  <File Type="RDS-PROPCONSTRS" Name="theseus_top_drc_synth.rpt"/>
  <File Type="PA-TCL" Name="theseus_top.tcl"/>
  <File Type="RDS-RDS" Name="theseus_top.vds"/>
  <File Type="RDS-UTIL" Name="theseus_top_utilization_synth.rpt"/>
  <File Type="RDS-UTIL-PB" Name="theseus_top_utilization_synth.pb"/>
  <File Type="RDS-DCP" Name="theseus_top.dcp"/>
  <File Type="VDS-TIMINGSUMMARY" Name="theseus_top_timing_summary_synth.rpt"/>
  <File Type="VDS-TIMING-PB" Name="theseus_top_timing_summary_synth.pb"/>
  <FileSet Name="sources" Type="DesignSrcs" RelSrcDir="$PSRCDIR/sources_1">
    <Filter Type="Srcs"/>
    <File Path="$PSRCDIR/sources_1/imports/new/MY_CHAR_DRIVER.vhd">
      <FileInfo>
        <Attr Name="ImportPath" Val="$PPRDIR/vgademo4_all.srcs/sources_1/new/MY_CHAR_DRIVER.vhd"/>
        <Attr Name="ImportTime" Val="1489975652"/>
        <Attr Name="UsedIn" Val="synthesis"/>
        <Attr Name="UsedIn" Val="simulation"/>
      </FileInfo>
    </File>
    <File Path="$PSRCDIR/sources_1/imports/new/character_slide.vhd">
      <FileInfo>
        <Attr Name="ImportPath" Val="$PPRDIR/vgademo4_all.srcs/sources_1/new/character_slide.vhd"/>
        <Attr Name="ImportTime" Val="1489975621"/>
        <Attr Name="UsedIn" Val="synthesis"/>
        <Attr Name="UsedIn" Val="simulation"/>
      </FileInfo>
    </File>
    <File Path="$PSRCDIR/sources_1/imports/new/vga_controller_640_60.vhd">
      <FileInfo>
        <Attr Name="ImportPath" Val="$PPRDIR/vgademo4_all.srcs/sources_1/new/vga_controller_640_60.vhd"/>
        <Attr Name="ImportTime" Val="1489975411"/>
        <Attr Name="UsedIn" Val="synthesis"/>
        <Attr Name="UsedIn" Val="simulation"/>
      </FileInfo>
    </File>
    <File Path="$PSRCDIR/sources_1/imports/new/title_block.vhd">
      <FileInfo>
        <Attr Name="ImportPath" Val="$PPRDIR/vgademo4_all.srcs/sources_1/new/title_block.vhd"/>
        <Attr Name="ImportTime" Val="1489975463"/>
        <Attr Name="UsedIn" Val="synthesis"/>
        <Attr Name="UsedIn" Val="simulation"/>
      </FileInfo>
    </File>
    <File Path="$PSRCDIR/sources_1/imports/new/static_background.vhd">
      <FileInfo>
        <Attr Name="ImportPath" Val="$PPRDIR/vgademo4_all.srcs/sources_1/new/static_background.vhd"/>
        <Attr Name="ImportTime" Val="1489975432"/>
        <Attr Name="UsedIn" Val="synthesis"/>
        <Attr Name="UsedIn" Val="simulation"/>
      </FileInfo>
    </File>
    <File Path="$PSRCDIR/sources_1/imports/new/merge_display.vhd">
      <FileInfo>
        <Attr Name="ImportPath" Val="$PPRDIR/vgademo4_all.srcs/sources_1/new/merge_display.vhd"/>
        <Attr Name="ImportTime" Val="1489975497"/>
        <Attr Name="UsedIn" Val="synthesis"/>
        <Attr Name="UsedIn" Val="simulation"/>
      </FileInfo>
    </File>
    <File Path="$PSRCDIR/sources_1/imports/new/Draw_theseus.vhd">
      <FileInfo>
        <Attr Name="ImportPath" Val="$PPRDIR/vgademo4_all.srcs/sources_1/new/Draw_theseus.vhd"/>
        <Attr Name="ImportTime" Val="1489975455"/>
        <Attr Name="UsedIn" Val="synthesis"/>
        <Attr Name="UsedIn" Val="simulation"/>
      </FileInfo>
    </File>
    <File Path="$PSRCDIR/sources_1/imports/new/Draw_minotaur.vhd">
      <FileInfo>
        <Attr Name="ImportPath" Val="$PPRDIR/vgademo4_all.srcs/sources_1/new/Draw_minotaur.vhd"/>
        <Attr Name="ImportTime" Val="1489975444"/>
        <Attr Name="UsedIn" Val="synthesis"/>
        <Attr Name="UsedIn" Val="simulation"/>
      </FileInfo>
    </File>
    <File Path="$PSRCDIR/sources_1/imports/new/debounce.vhd">
      <FileInfo>
        <Attr Name="ImportPath" Val="$PPRDIR/vgademo4_all.srcs/sources_1/new/debounce.vhd"/>
        <Attr Name="ImportTime" Val="1489975564"/>
        <Attr Name="UsedIn" Val="synthesis"/>
        <Attr Name="UsedIn" Val="simulation"/>
      </FileInfo>
    </File>
    <File Path="$PSRCDIR/sources_1/imports/new/clk_div_25k.vhd">
      <FileInfo>
        <Attr Name="ImportPath" Val="$PPRDIR/vgademo4_all.srcs/sources_1/new/clk_div_25k.vhd"/>
        <Attr Name="ImportTime" Val="1489975583"/>
        <Attr Name="UsedIn" Val="synthesis"/>
        <Attr Name="UsedIn" Val="simulation"/>
      </FileInfo>
    </File>
    <File Path="$PSRCDIR/sources_1/imports/new/game_logic.vhd">
      <FileInfo>
        <Attr Name="ImportPath" Val="$PPRDIR/vgademo4_all.srcs/sources_1/new/game_logic.vhd"/>
        <Attr Name="ImportTime" Val="1489975605"/>
        <Attr Name="UsedIn" Val="synthesis"/>
        <Attr Name="UsedIn" Val="simulation"/>
      </FileInfo>
    </File>
    <File Path="$PSRCDIR/sources_1/imports/new/theseus_top.vhd">
      <FileInfo>
        <Attr Name="ImportPath" Val="$PPRDIR/vgademo4_all.srcs/sources_1/imports/new/theseus_top.vhd"/>
        <Attr Name="ImportTime" Val="1489979821"/>
        <Attr Name="UsedIn" Val="synthesis"/>
        <Attr Name="UsedIn" Val="simulation"/>
      </FileInfo>
    </File>
    <File Path="$PSRCDIR/sources_1/ip/typeface.coe">
      <FileInfo>
        <Attr Name="ImportPath" Val="$PPRDIR/vgademo4_all.srcs/sources_1/ip/typeface.coe"/>
        <Attr Name="ImportTime" Val="1488671047"/>
        <Attr Name="UsedIn" Val="synthesis"/>
        <Attr Name="UsedIn" Val="simulation"/>
      </FileInfo>
    </File>
    <File Path="$PSRCDIR/sources_1/ip/map.coe">
      <FileInfo>
        <Attr Name="ImportPath" Val="$PPRDIR/vgademo4_all.srcs/sources_1/ip/map.coe"/>
        <Attr Name="ImportTime" Val="1489723432"/>
        <Attr Name="UsedIn" Val="synthesis"/>
        <Attr Name="UsedIn" Val="simulation"/>
      </FileInfo>
    </File>
    <Config>
      <Option Name="DesignMode" Val="RTL"/>
      <Option Name="TopModule" Val="theseus_top"/>
      <Option Name="TopAutoSet" Val="TRUE"/>
    </Config>
  </FileSet>
  <FileSet Name="constrs_in" Type="Constrs" RelSrcDir="$PSRCDIR/constrs_1">
    <Filter Type="Constrs"/>
    <File Path="$PSRCDIR/constrs_1/new/vgatop_pins.xdc">
      <FileInfo>
        <Attr Name="ImportPath" Val="$PPRDIR/vgademo4_all.srcs/constrs_1/new/vgatop_pins.xdc"/>
        <Attr Name="ImportTime" Val="1489969817"/>
        <Attr Name="UsedIn" Val="synthesis"/>
        <Attr Name="UsedIn" Val="implementation"/>
      </FileInfo>
    </File>
    <Config>
      <Option Name="ConstrsType" Val="XDC"/>
    </Config>
  </FileSet>
  <Strategy Version="1" Minor="2">
    <StratHandle Name="Vivado Synthesis Defaults" Flow="Vivado Synthesis 2015"/>
    <Step Id="synth_design"/>
  </Strategy>
  <BlockFileSet Type="BlockSrcs" Name="clk_wiz_0"/>
  <BlockFileSet Type="BlockSrcs" Name="map_walls"/>
  <BlockFileSet Type="BlockSrcs" Name="rom_chars"/>
</GenRun>
