<?xml version="1.0" encoding="UTF-8"?>
<GenRun Id="rom_chars_synth_1" LaunchPart="xc7a35tcpg236-1" LaunchTime="1490141619">
  <File Type="RDS-PROPCONSTRS" Name="rom_chars_drc_synth.rpt"/>
  <File Type="PA-TCL" Name="rom_chars.tcl"/>
  <File Type="RDS-RDS" Name="rom_chars.vds"/>
  <File Type="RDS-UTIL" Name="rom_chars_utilization_synth.rpt"/>
  <File Type="RDS-UTIL-PB" Name="rom_chars_utilization_synth.pb"/>
  <File Type="RDS-DCP" Name="rom_chars.dcp"/>
  <File Type="VDS-TIMINGSUMMARY" Name="rom_chars_timing_summary_synth.rpt"/>
  <File Type="VDS-TIMING-PB" Name="rom_chars_timing_summary_synth.pb"/>
  <FileSet Name="sources" Type="BlockSrcs" RelSrcDir="$PSRCDIR/rom_chars">
    <File Path="$PSRCDIR/sources_1/ip/rom_chars/rom_chars.xci">
      <FileInfo>
        <Attr Name="ImportPath" Val="$PPRDIR/vgademo4_all.srcs/sources_1/ip/rom_chars/rom_chars.xci"/>
        <Attr Name="ImportTime" Val="1489980277"/>
        <Attr Name="UsedIn" Val="synthesis"/>
        <Attr Name="UsedIn" Val="implementation"/>
        <Attr Name="UsedIn" Val="simulation"/>
      </FileInfo>
    </File>
    <File Path="$PSRCDIR/sources_1/ip/rom_chars.xcix">
      <FileInfo>
        <Attr Name="ImportPath" Val="$PPRDIR/vgademo4_all.srcs/sources_1/ip/rom_chars.xcix"/>
        <Attr Name="ImportTime" Val="1489369950"/>
        <Attr Name="UsedIn" Val="synthesis"/>
        <Attr Name="UsedIn" Val="implementation"/>
        <Attr Name="UsedIn" Val="simulation"/>
      </FileInfo>
    </File>
    <Config>
      <Option Name="TopModule" Val="rom_chars"/>
      <Option Name="UseBlackboxStub" Val="1"/>
    </Config>
  </FileSet>
  <FileSet Name="constrs_in" Type="BlockSrcs" RelSrcDir="$PSRCDIR/rom_chars">
    <File Path="$PSRCDIR/sources_1/ip/rom_chars/rom_chars.xci">
      <FileInfo>
        <Attr Name="ImportPath" Val="$PPRDIR/vgademo4_all.srcs/sources_1/ip/rom_chars/rom_chars.xci"/>
        <Attr Name="ImportTime" Val="1489980277"/>
        <Attr Name="UsedIn" Val="synthesis"/>
        <Attr Name="UsedIn" Val="implementation"/>
        <Attr Name="UsedIn" Val="simulation"/>
      </FileInfo>
    </File>
    <File Path="$PSRCDIR/sources_1/ip/rom_chars.xcix">
      <FileInfo>
        <Attr Name="ImportPath" Val="$PPRDIR/vgademo4_all.srcs/sources_1/ip/rom_chars.xcix"/>
        <Attr Name="ImportTime" Val="1489369950"/>
        <Attr Name="UsedIn" Val="synthesis"/>
        <Attr Name="UsedIn" Val="implementation"/>
        <Attr Name="UsedIn" Val="simulation"/>
      </FileInfo>
    </File>
    <Config>
      <Option Name="TopModule" Val="rom_chars"/>
      <Option Name="UseBlackboxStub" Val="1"/>
    </Config>
  </FileSet>
  <Strategy Version="1" Minor="2">
    <StratHandle Name="Vivado Synthesis Defaults" Flow="Vivado Synthesis 2016"/>
    <Step Id="synth_design"/>
  </Strategy>
</GenRun>
